MAE,MSE,RMSE,R2_Score,MAPE,Accuracy
48.97506678352134,4544.57147672112,67.41343691521091,0.9957240058851007,2.3683079519351313,97.63169204806486
